<?xml version="1.0" encoding="utf-8"?>
<ResourceManagementExportImport xmlns:xsd="http://www.w3.org/2001/XMLSchema" xmlns:xsi="http://www.w3.org/2001/XMLSchema-instance" xmlns="http://schemas.qualisystems.com/ResourceManagement/ExportImportConfigurationSchema.xsd">
  <Tags>
    <Tag Name="Available For Abstract Resources" />
    <Tag Name="Configuration" />
    <Tag Name="Constant Capability" />
    <Tag Name="Link Configurations" />
    <Tag Name="Setting" />
    <Tag Name="Variable Capability" />
  </Tags>
  <Attributes>
    <AttributeInfo Name="Password" Type="Password" DefaultValue="" IsReadOnly="false" IsCommand="false">
      <Tags>
        <TagName Name="Configuration" />
      </Tags>
    </AttributeInfo>
    <AttributeInfo Name="UniqueID" Type="String" DefaultValue="" IsReadOnly="false" IsCommand="false">
      <Tags>
        <TagName Name="Configuration" />
      </Tags>
    </AttributeInfo>
    <AttributeInfo Name="User" Type="String" DefaultValue="" IsReadOnly="false" IsCommand="false">
      <Tags>
        <TagName Name="Configuration" />
      </Tags>
    </AttributeInfo>
  </Attributes>
  <Modules>
  </Modules>
  <ResourceFamilies>
    <ResourceFamily Name="L1 Switch" IsMappableContainer="true" IsMappable="false" IsConnectable="false" IsLicenseCheckRequired="false" IsAllConnectedContainer="false" IsLockedByDefault="false" AcceptsMultipleConnections="false" Description="" SupportsMulticastMapping="false" SupportsLoopbackMapping="true" IsPowerSwitch="false" IsConsoleServer="false">
      <AttachedAttributes>
        <AttachedAttribute Name="User" IsOverridable="true" IsLocal="true">
          <AllowedValues />
        </AttachedAttribute>
        <AttachedAttribute Name="Password" IsOverridable="true" IsLocal="true">
          <AllowedValues />
        </AttachedAttribute>
      </AttachedAttributes>
      <AttributeValues />
      <Models>
        <ResourceModel Name="L1Mock" Description="" SupportsConcurrentCommands="false">
          <AttachedAttributes />
          <AttributeValues />
          <ParentModels />
          <Drivers>
            <DriverName>L1Mock Driver</DriverName>
          </Drivers>
        </ResourceModel>
      </Models>
    </ResourceFamily>
    <ResourceFamily Name="L1 Switch Blade" IsMappableContainer="false" IsMappable="false" IsConnectable="false" IsLicenseCheckRequired="false" IsAllConnectedContainer="false" IsLockedByDefault="false" AcceptsMultipleConnections="false" Description="" SupportsMulticastMapping="false" SupportsLoopbackMapping="true" IsPowerSwitch="false" IsConsoleServer="false">
      <AttachedAttributes/>
      <AttributeValues />
      <Models>
        <ResourceModel Name="L1Mock Blade" Description="" SupportsConcurrentCommands="false">
          <AttachedAttributes />
          <AttributeValues />
          <ParentModels>
            <ParentModelName>L1Mock</ParentModelName>
          </ParentModels>
          <Drivers/>
        </ResourceModel>
      </Models>
    </ResourceFamily>
    <ResourceFamily Name="L1 Switch Port" IsMappableContainer="false" IsMappable="true" IsConnectable="true" IsLicenseCheckRequired="false" IsAllConnectedContainer="false" IsLockedByDefault="true" AcceptsMultipleConnections="false" Description="" SupportsMulticastMapping="false" SupportsLoopbackMapping="true" IsPowerSwitch="false" IsConsoleServer="false">
      <AttachedAttributes />
      <AttributeValues />
      <Models>
	    <ResourceModel Name="L1Mock Port" SupportsConcurrentCommands="false">
          <AttachedAttributes/>
          <AttributeValues/>
          <ParentModels>
            <ParentModelName>L1Mock Blade</ParentModelName>
          </ParentModels>
          <Drivers />
        </ResourceModel>
      </Models>
    </ResourceFamily>
	</ResourceFamilies>
  <DriverDescriptors>
    <DriverDescriptor Name="L1Mock Driver" DriverType="L1SwitchTclDriver" CustomParams="L1Mock.exe" />
    <DriverDescriptor Name="Patch Panel Driver" DriverType="L1SwitchDriver" />
  </DriverDescriptors>
</ResourceManagementExportImport>
