<Driver Description="A L2 mock driver for learning purposes" MainClass="driver.L2MockswitchDriver" Name="L2MockswitchDriver" Version="1.0.0">
    <Layout>
        <Category Name="Hidden Commands">

            <Command Name="ApplyConnectivityChanges" DisplayName="ApplyConnectivityChanges" Tags="allow_unreserved">
                <Parameters>
                    <Parameter Name="request" Type="String" Mandatory = "True" DefaultValue="" Description=""/>
                </Parameters>
            </Command>

        </Category>

    </Layout>
</Driver>